onset	duration	trial_type	value	sample
5.423828125	1.0	NonTarget	1	2777
5.767578125	1.0	Target	2	2953
6.310546875	1.0	NonTarget	1	3231
6.6328125	1.0	NonTarget	1	3396
7.0625	1.0	NonTarget	1	3616
7.296875	1.0	NonTarget	1	3736
7.833984375	1.0	NonTarget	1	4011
8.126953125	1.0	NonTarget	1	4161
8.453125	1.0	NonTarget	1	4328
8.65234375	1.0	NonTarget	1	4430
8.8984375	1.0	Target	2	4556
9.431640625	1.0	NonTarget	1	4829
11.060546875	1.0	NonTarget	1	5663
11.7421875	1.0	NonTarget	1	6012
12.779296875	1.0	NonTarget	1	6543
12.98046875	1.0	Target	2	6646
13.349609375	1.0	NonTarget	1	6835
13.978515625	1.0	NonTarget	1	7157
14.48046875	1.0	Target	2	7414
14.873046875	1.0	NonTarget	1	7615
15.203125	1.0	NonTarget	1	7784
15.466796875	1.0	NonTarget	1	7919
15.787109375	1.0	NonTarget	1	8083
16.185546875	1.0	NonTarget	1	8287
17.546875	1.0	NonTarget	1	8984
18.212890625	1.0	NonTarget	1	9325
18.380859375	1.0	NonTarget	1	9411
18.599609375	1.0	NonTarget	1	9523
18.833984375	1.0	Target	2	9643
19.52734375	1.0	NonTarget	1	9998
20.037109375	1.0	Target	2	10259
20.48046875	1.0	NonTarget	1	10486
20.662109375	1.0	NonTarget	1	10579
20.89453125	1.0	NonTarget	1	10698
21.060546875	1.0	NonTarget	1	10783
21.4609375	1.0	NonTarget	1	10988
22.798828125	1.0	NonTarget	1	11673
22.962890625	1.0	NonTarget	1	11757
23.26171875	1.0	NonTarget	1	11910
23.74609375	1.0	NonTarget	1	12158
24.046875	1.0	NonTarget	1	12312
24.662109375	1.0	Target	2	12627
25.228515625	1.0	NonTarget	1	12917
25.447265625	1.0	Target	2	13029
25.66796875	1.0	NonTarget	1	13142
25.927734375	1.0	NonTarget	1	13275
26.25	1.0	NonTarget	1	13440
26.51171875	1.0	NonTarget	1	13574
27.86328125	1.0	NonTarget	1	14266
28.083984375	1.0	NonTarget	1	14379
28.279296875	1.0	NonTarget	1	14479
28.509765625	1.0	NonTarget	1	14597
28.71484375	1.0	Target	2	14702
29.095703125	1.0	NonTarget	1	14897
29.595703125	1.0	NonTarget	1	15153
29.94921875	1.0	NonTarget	1	15334
30.40234375	1.0	Target	2	15566
30.849609375	1.0	NonTarget	1	15795
31.080078125	1.0	NonTarget	1	15913
31.267578125	1.0	NonTarget	1	16009
32.6171875	1.0	NonTarget	1	16700
32.796875	1.0	NonTarget	1	16792
32.96484375	1.0	NonTarget	1	16878
33.205078125	1.0	NonTarget	1	17001
33.529296875	1.0	NonTarget	1	17167
33.83203125	1.0	Target	2	17322
34.396484375	1.0	Target	2	17611
34.703125	1.0	NonTarget	1	17768
35.1015625	1.0	NonTarget	1	17972
35.267578125	1.0	NonTarget	1	18057
35.455078125	1.0	NonTarget	1	18153
36.427734375	1.0	NonTarget	1	18651
37.78125	1.0	NonTarget	1	19344
38.080078125	1.0	NonTarget	1	19497
38.564453125	1.0	NonTarget	1	19745
38.89453125	1.0	Target	2	19914
39.162109375	1.0	NonTarget	1	20051
39.4453125	1.0	NonTarget	1	20196
39.966796875	1.0	NonTarget	1	20463
40.279296875	1.0	NonTarget	1	20623
40.470703125	1.0	NonTarget	1	20721
40.83203125	1.0	NonTarget	1	20906
41.01171875	1.0	NonTarget	1	20998
41.216796875	1.0	Target	2	21103
42.56640625	1.0	NonTarget	1	21794
42.75	1.0	NonTarget	1	21888
42.955078125	1.0	NonTarget	1	21993
43.212890625	1.0	Target	2	22125
43.84765625	1.0	NonTarget	1	22450
44.263671875	1.0	NonTarget	1	22663
44.779296875	1.0	NonTarget	1	22927
45.048828125	1.0	NonTarget	1	23065
45.23046875	1.0	NonTarget	1	23158
45.595703125	1.0	NonTarget	1	23345
45.849609375	1.0	Target	2	23475
46.138671875	1.0	NonTarget	1	23623
55.482421875	1.0	NonTarget	1	28407
55.74609375	1.0	NonTarget	1	28542
56.40234375	1.0	NonTarget	1	28878
56.578125	1.0	NonTarget	1	28968
56.796875	1.0	Target	2	29080
57.37109375	1.0	NonTarget	1	29374
57.892578125	1.0	NonTarget	1	29641
58.21875	1.0	NonTarget	1	29808
58.5859375	1.0	NonTarget	1	29996
58.828125	1.0	NonTarget	1	30120
59.078125	1.0	NonTarget	1	30248
59.810546875	1.0	Target	2	30623
61.201171875	1.0	Target	2	31335
61.431640625	1.0	NonTarget	1	31453
61.802734375	1.0	NonTarget	1	31643
62.37890625	1.0	NonTarget	1	31938
63.37890625	1.0	NonTarget	1	32450
63.7109375	1.0	NonTarget	1	32620
64.23046875	1.0	NonTarget	1	32886
64.46484375	1.0	NonTarget	1	33006
64.650390625	1.0	NonTarget	1	33101
65.244140625	1.0	NonTarget	1	33405
65.451171875	1.0	NonTarget	1	33511
65.951171875	1.0	Target	2	33767
67.296875	1.0	NonTarget	1	34456
67.48046875	1.0	NonTarget	1	34550
67.794921875	1.0	NonTarget	1	34711
68.9140625	1.0	NonTarget	1	35284
69.162109375	1.0	NonTarget	1	35411
69.396484375	1.0	Target	2	35531
69.955078125	1.0	NonTarget	1	35817
70.21484375	1.0	NonTarget	1	35950
70.5625	1.0	NonTarget	1	36128
70.880859375	1.0	NonTarget	1	36291
71.111328125	1.0	NonTarget	1	36409
71.49609375	1.0	Target	2	36606
72.880859375	1.0	NonTarget	1	37315
73.10546875	1.0	NonTarget	1	37430
73.564453125	1.0	NonTarget	1	37665
73.89453125	1.0	Target	2	37834
74.396484375	1.0	NonTarget	1	38091
74.916015625	1.0	NonTarget	1	38357
75.431640625	1.0	NonTarget	1	38621
75.654296875	1.0	NonTarget	1	38735
75.99609375	1.0	NonTarget	1	38910
76.34765625	1.0	NonTarget	1	39090
76.5625	1.0	Target	2	39200
77.3125	1.0	NonTarget	1	39584
78.68359375	1.0	NonTarget	1	40286
79.18359375	1.0	Target	2	40542
79.916015625	1.0	NonTarget	1	40917
80.12890625	1.0	NonTarget	1	41026
80.359375	1.0	NonTarget	1	41144
81.103515625	1.0	NonTarget	1	41525
81.630859375	1.0	NonTarget	1	41795
82.6796875	1.0	NonTarget	1	42332
82.912109375	1.0	NonTarget	1	42451
83.78125	1.0	NonTarget	1	42896
84.2109375	1.0	NonTarget	1	43116
84.462890625	1.0	Target	2	43245
85.796875	1.0	NonTarget	1	43928
86.060546875	1.0	NonTarget	1	44063
86.41796875	1.0	Target	2	44246
86.646484375	1.0	NonTarget	1	44363
86.9765625	1.0	NonTarget	1	44532
87.31640625	1.0	NonTarget	1	44706
87.84765625	1.0	NonTarget	1	44978
88.599609375	1.0	NonTarget	1	45363
88.83203125	1.0	NonTarget	1	45482
89.11328125	1.0	Target	2	45626
89.353515625	1.0	NonTarget	1	45749
89.564453125	1.0	NonTarget	1	45857
90.931640625	1.0	NonTarget	1	46557
91.31640625	1.0	NonTarget	1	46754
91.99609375	1.0	Target	2	47102
92.330078125	1.0	NonTarget	1	47273
92.59765625	1.0	NonTarget	1	47410
93.33203125	1.0	NonTarget	1	47786
93.849609375	1.0	NonTarget	1	48051
94.107421875	1.0	Target	2	48183
94.68359375	1.0	NonTarget	1	48478
94.8671875	1.0	NonTarget	1	48572
95.35546875	1.0	NonTarget	1	48822
95.767578125	1.0	NonTarget	1	49033
97.099609375	1.0	NonTarget	1	49715
97.580078125	1.0	NonTarget	1	49961
98.064453125	1.0	NonTarget	1	50209
98.40234375	1.0	Target	2	50382
98.73046875	1.0	NonTarget	1	50550
99.181640625	1.0	NonTarget	1	50781
99.69921875	1.0	NonTarget	1	51046
99.87109375	1.0	NonTarget	1	51134
100.080078125	1.0	Target	2	51241
100.453125	1.0	NonTarget	1	51432
100.912109375	1.0	NonTarget	1	51667
101.251953125	1.0	NonTarget	1	51841
110.6640625	1.0	NonTarget	1	56660
110.978515625	1.0	NonTarget	1	56821
111.521484375	1.0	NonTarget	1	57099
112.333984375	1.0	NonTarget	1	57515
112.548828125	1.0	Target	2	57625
113.333984375	1.0	NonTarget	1	58027
113.849609375	1.0	NonTarget	1	58291
114.25390625	1.0	NonTarget	1	58498
114.4375	1.0	NonTarget	1	58592
114.630859375	1.0	NonTarget	1	58691
115.548828125	1.0	NonTarget	1	59161
115.765625	1.0	Target	2	59272
117.107421875	1.0	NonTarget	1	59959
117.478515625	1.0	Target	2	60149
118.271484375	1.0	NonTarget	1	60555
118.794921875	1.0	NonTarget	1	60823
119.318359375	1.0	NonTarget	1	61091
119.53125	1.0	NonTarget	1	61200
120.046875	1.0	NonTarget	1	61464
120.3125	1.0	NonTarget	1	61600
120.58203125	1.0	NonTarget	1	61738
120.8359375	1.0	Target	2	61868
121.08203125	1.0	NonTarget	1	61994
121.33203125	1.0	NonTarget	1	62122
122.68359375	1.0	NonTarget	1	62814
123.01171875	1.0	NonTarget	1	62982
123.49609375	1.0	Target	2	63230
124.228515625	1.0	NonTarget	1	63605
124.861328125	1.0	NonTarget	1	63929
125.40234375	1.0	NonTarget	1	64206
125.9140625	1.0	NonTarget	1	64468
126.166015625	1.0	Target	2	64597
127.130859375	1.0	NonTarget	1	65091
127.35546875	1.0	NonTarget	1	65206
127.62890625	1.0	NonTarget	1	65346
127.978515625	1.0	NonTarget	1	65525
129.298828125	1.0	Target	2	66201
129.546875	1.0	NonTarget	1	66328
130.65625	1.0	NonTarget	1	66896
131.4140625	1.0	NonTarget	1	67284
131.76171875	1.0	NonTarget	1	67462
132.3125	1.0	NonTarget	1	67744
132.849609375	1.0	NonTarget	1	68019
133.03515625	1.0	NonTarget	1	68114
133.314453125	1.0	NonTarget	1	68257
133.728515625	1.0	NonTarget	1	68469
133.9296875	1.0	Target	2	68572
134.23046875	1.0	NonTarget	1	68726
143.580078125	1.0	NonTarget	1	73513
143.810546875	1.0	NonTarget	1	73631
143.978515625	1.0	NonTarget	1	73717
144.64453125	1.0	NonTarget	1	74058
144.962890625	1.0	NonTarget	1	74221
145.146484375	1.0	Target	2	74315
145.73046875	1.0	NonTarget	1	74614
145.931640625	1.0	NonTarget	1	74717
146.208984375	1.0	NonTarget	1	74859
146.52734375	1.0	NonTarget	1	75022
146.8515625	1.0	Target	2	75188
147.228515625	1.0	NonTarget	1	75381
148.6484375	1.0	NonTarget	1	76108
149.27734375	1.0	NonTarget	1	76430
149.666015625	1.0	NonTarget	1	76629
150.181640625	1.0	NonTarget	1	76893
151.298828125	1.0	NonTarget	1	77465
151.498046875	1.0	Target	2	77567
152.060546875	1.0	NonTarget	1	77855
152.24609375	1.0	NonTarget	1	77950
152.703125	1.0	NonTarget	1	78184
153.24609375	1.0	NonTarget	1	78462
153.599609375	1.0	NonTarget	1	78643
154.166015625	1.0	Target	2	78933
163.556640625	1.0	NonTarget	1	83741
163.8515625	1.0	NonTarget	1	83892
164.24609375	1.0	NonTarget	1	84094
164.431640625	1.0	Target	2	84189
164.91015625	1.0	NonTarget	1	84434
165.27734375	1.0	NonTarget	1	84622
165.796875	1.0	NonTarget	1	84888
166.4453125	1.0	NonTarget	1	85220
166.763671875	1.0	Target	2	85383
167.078125	1.0	NonTarget	1	85544
167.71484375	1.0	NonTarget	1	85870
167.98046875	1.0	NonTarget	1	86006
169.314453125	1.0	NonTarget	1	86689
169.669921875	1.0	NonTarget	1	86871
170.064453125	1.0	NonTarget	1	87073
170.26171875	1.0	NonTarget	1	87174
170.4296875	1.0	NonTarget	1	87260
170.86328125	1.0	Target	2	87482
171.41796875	1.0	Target	2	87766
171.728515625	1.0	NonTarget	1	87925
171.912109375	1.0	NonTarget	1	88019
173.03125	1.0	NonTarget	1	88592
173.44921875	1.0	NonTarget	1	88806
173.87890625	1.0	NonTarget	1	89026
175.232421875	1.0	NonTarget	1	89719
175.435546875	1.0	NonTarget	1	89823
175.78125	1.0	Target	2	90000
176.296875	1.0	NonTarget	1	90264
176.46484375	1.0	NonTarget	1	90350
176.712890625	1.0	NonTarget	1	90477
177.232421875	1.0	NonTarget	1	90743
177.447265625	1.0	NonTarget	1	90853
177.6796875	1.0	NonTarget	1	90972
177.947265625	1.0	NonTarget	1	91109
178.251953125	1.0	Target	2	91265
179.41015625	1.0	NonTarget	1	91858
180.734375	1.0	NonTarget	1	92536
181.18359375	1.0	NonTarget	1	92766
181.814453125	1.0	NonTarget	1	93089
181.998046875	1.0	NonTarget	1	93183
182.23046875	1.0	Target	2	93302
182.798828125	1.0	NonTarget	1	93593
183.310546875	1.0	NonTarget	1	93855
183.478515625	1.0	Target	2	93941
183.763671875	1.0	NonTarget	1	94087
184.029296875	1.0	NonTarget	1	94223
184.501953125	1.0	NonTarget	1	94465
184.853515625	1.0	NonTarget	1	94645
186.181640625	1.0	NonTarget	1	95325
186.416015625	1.0	NonTarget	1	95445
187.080078125	1.0	NonTarget	1	95785
187.513671875	1.0	NonTarget	1	96007
187.728515625	1.0	NonTarget	1	96117
188.048828125	1.0	Target	2	96281
188.630859375	1.0	NonTarget	1	96579
189.111328125	1.0	NonTarget	1	96825
189.37890625	1.0	Target	2	96962
189.93359375	1.0	NonTarget	1	97246
190.197265625	1.0	NonTarget	1	97381
191.001953125	1.0	NonTarget	1	97793
200.40234375	1.0	NonTarget	1	102606
200.7265625	1.0	NonTarget	1	102772
201.01171875	1.0	Target	2	102918
201.283203125	1.0	NonTarget	1	103057
201.69921875	1.0	NonTarget	1	103270
202.216796875	1.0	NonTarget	1	103535
202.7265625	1.0	Target	2	103796
203.1796875	1.0	NonTarget	1	104028
203.578125	1.0	NonTarget	1	104232
203.896484375	1.0	NonTarget	1	104395
204.078125	1.0	NonTarget	1	104488
204.537109375	1.0	NonTarget	1	104723
205.921875	1.0	NonTarget	1	105432
206.193359375	1.0	Target	2	105571
206.83984375	1.0	NonTarget	1	105902
207.080078125	1.0	NonTarget	1	106025
207.27734375	1.0	NonTarget	1	106126
208.060546875	1.0	NonTarget	1	106527
208.578125	1.0	Target	2	106792
208.962890625	1.0	NonTarget	1	106989
209.146484375	1.0	NonTarget	1	107083
209.44921875	1.0	NonTarget	1	107238
210.015625	1.0	NonTarget	1	107528
210.44921875	1.0	NonTarget	1	107750
211.794921875	1.0	NonTarget	1	108439
212.35546875	1.0	Target	2	108726
212.578125	1.0	NonTarget	1	108840
213.08203125	1.0	NonTarget	1	109098
213.494140625	1.0	NonTarget	1	109309
213.6953125	1.0	NonTarget	1	109412
214.2265625	1.0	Target	2	109684
214.478515625	1.0	NonTarget	1	109813
214.64453125	1.0	NonTarget	1	109898
214.875	1.0	NonTarget	1	110016
215.060546875	1.0	NonTarget	1	110111
215.365234375	1.0	NonTarget	1	110267
216.732421875	1.0	NonTarget	1	110967
216.90234375	1.0	NonTarget	1	111054
217.58203125	1.0	NonTarget	1	111402
217.794921875	1.0	Target	2	111511
218.765625	1.0	NonTarget	1	112008
219.04296875	1.0	NonTarget	1	112150
219.55859375	1.0	NonTarget	1	112414
219.81640625	1.0	NonTarget	1	112546
220.21484375	1.0	NonTarget	1	112750
220.794921875	1.0	NonTarget	1	113047
221.0625	1.0	Target	2	113184
221.515625	1.0	NonTarget	1	113416
222.87890625	1.0	Target	2	114114
223.271484375	1.0	NonTarget	1	114315
223.46484375	1.0	NonTarget	1	114414
223.779296875	1.0	NonTarget	1	114575
224.001953125	1.0	NonTarget	1	114689
224.25	1.0	NonTarget	1	114816
224.763671875	1.0	Target	2	115079
225.21484375	1.0	NonTarget	1	115310
225.548828125	1.0	NonTarget	1	115481
225.779296875	1.0	NonTarget	1	115599
226.41015625	1.0	NonTarget	1	115922
226.66796875	1.0	NonTarget	1	116054
228.0	1.0	NonTarget	1	116736
228.650390625	1.0	NonTarget	1	117069
228.931640625	1.0	NonTarget	1	117213
229.181640625	1.0	Target	2	117341
229.6640625	1.0	NonTarget	1	117588
229.9296875	1.0	NonTarget	1	117724
230.453125	1.0	Target	2	117992
231.623046875	1.0	NonTarget	1	118591
231.896484375	1.0	NonTarget	1	118731
232.626953125	1.0	NonTarget	1	119105
233.046875	1.0	NonTarget	1	119320
233.337890625	1.0	NonTarget	1	119469
242.732421875	1.0	NonTarget	1	124279
242.912109375	1.0	NonTarget	1	124371
243.513671875	1.0	NonTarget	1	124679
243.701171875	1.0	Target	2	124775
244.05078125	1.0	NonTarget	1	124954
244.3125	1.0	NonTarget	1	125088
244.83203125	1.0	NonTarget	1	125354
245.24609375	1.0	NonTarget	1	125566
245.4609375	1.0	NonTarget	1	125676
245.677734375	1.0	NonTarget	1	125787
246.064453125	1.0	NonTarget	1	125985
246.302734375	1.0	Target	2	126107
247.6796875	1.0	NonTarget	1	126812
248.3984375	1.0	NonTarget	1	127180
248.998046875	1.0	NonTarget	1	127487
249.203125	1.0	NonTarget	1	127592
249.802734375	1.0	Target	2	127899
250.302734375	1.0	NonTarget	1	128155
250.8125	1.0	NonTarget	1	128416
251.298828125	1.0	NonTarget	1	128665
251.49609375	1.0	NonTarget	1	128766
251.802734375	1.0	NonTarget	1	128923
252.080078125	1.0	NonTarget	1	129065
252.298828125	1.0	Target	2	129177
261.69921875	1.0	NonTarget	1	133990
261.955078125	1.0	NonTarget	1	134121
262.138671875	1.0	NonTarget	1	134215
262.35546875	1.0	NonTarget	1	134326
262.53125	1.0	NonTarget	1	134416
262.830078125	1.0	Target	2	134569
263.408203125	1.0	Target	2	134865
264.068359375	1.0	NonTarget	1	135203
264.931640625	1.0	NonTarget	1	135645
265.2109375	1.0	NonTarget	1	135788
266.189453125	1.0	NonTarget	1	136289
266.548828125	1.0	NonTarget	1	136473
267.9296875	1.0	NonTarget	1	137180
268.330078125	1.0	Target	2	137385
268.666015625	1.0	NonTarget	1	137557
268.998046875	1.0	NonTarget	1	137727
269.228515625	1.0	NonTarget	1	137845
269.478515625	1.0	NonTarget	1	137973
269.98046875	1.0	NonTarget	1	138230
270.296875	1.0	NonTarget	1	138392
270.568359375	1.0	Target	2	138531
270.87109375	1.0	NonTarget	1	138686
271.080078125	1.0	NonTarget	1	138793
271.345703125	1.0	NonTarget	1	138929
272.6796875	1.0	NonTarget	1	139612
272.978515625	1.0	NonTarget	1	139765
273.662109375	1.0	Target	2	140115
274.09765625	1.0	NonTarget	1	140338
274.376953125	1.0	NonTarget	1	140481
274.65234375	1.0	NonTarget	1	140622
275.169921875	1.0	NonTarget	1	140887
275.4609375	1.0	NonTarget	1	141036
276.564453125	1.0	NonTarget	1	141601
276.794921875	1.0	NonTarget	1	141719
277.0625	1.0	Target	2	141856
277.43359375	1.0	NonTarget	1	142046
278.8125	1.0	NonTarget	1	142752
279.39453125	1.0	NonTarget	1	143050
279.60546875	1.0	Target	2	143158
279.861328125	1.0	NonTarget	1	143289
280.228515625	1.0	NonTarget	1	143477
280.412109375	1.0	NonTarget	1	143571
280.931640625	1.0	Target	2	143837
281.34765625	1.0	NonTarget	1	144050
281.876953125	1.0	NonTarget	1	144321
282.095703125	1.0	NonTarget	1	144433
282.49609375	1.0	NonTarget	1	144638
282.73046875	1.0	NonTarget	1	144758
284.08203125	1.0	NonTarget	1	145450
284.74609375	1.0	Target	2	145790
285.013671875	1.0	NonTarget	1	145927
285.24609375	1.0	NonTarget	1	146046
285.568359375	1.0	NonTarget	1	146211
285.958984375	1.0	NonTarget	1	146411
286.49609375	1.0	NonTarget	1	146686
286.681640625	1.0	Target	2	146781
287.1953125	1.0	NonTarget	1	147044
287.810546875	1.0	NonTarget	1	147359
288.193359375	1.0	NonTarget	1	147555
288.396484375	1.0	NonTarget	1	147659
297.806640625	1.0	NonTarget	1	152477
298.171875	1.0	NonTarget	1	152664
298.46484375	1.0	NonTarget	1	152814
298.728515625	1.0	NonTarget	1	152949
299.09375	1.0	NonTarget	1	153136
299.529296875	1.0	Target	2	153359
300.103515625	1.0	NonTarget	1	153653
300.509765625	1.0	Target	2	153861
300.900390625	1.0	NonTarget	1	154061
301.353515625	1.0	NonTarget	1	154293
301.609375	1.0	NonTarget	1	154424
301.83203125	1.0	NonTarget	1	154538
303.212890625	1.0	NonTarget	1	155245
303.4296875	1.0	NonTarget	1	155356
303.62890625	1.0	NonTarget	1	155458
303.89453125	1.0	Target	2	155594
304.24609375	1.0	NonTarget	1	155774
304.49609375	1.0	NonTarget	1	155902
305.01171875	1.0	NonTarget	1	156166
305.41015625	1.0	NonTarget	1	156370
305.744140625	1.0	NonTarget	1	156541
306.66015625	1.0	NonTarget	1	157010
306.84375	1.0	Target	2	157104
307.080078125	1.0	NonTarget	1	157225
308.43359375	1.0	NonTarget	1	157918
308.744140625	1.0	NonTarget	1	158077
308.994140625	1.0	NonTarget	1	158205
309.431640625	1.0	NonTarget	1	158429
309.646484375	1.0	Target	2	158539
309.9453125	1.0	NonTarget	1	158692
310.46875	1.0	NonTarget	1	158960
310.697265625	1.0	NonTarget	1	159077
311.146484375	1.0	NonTarget	1	159307
311.34375	1.0	Target	2	159408
311.880859375	1.0	NonTarget	1	159683
312.060546875	1.0	NonTarget	1	159775
313.44921875	1.0	NonTarget	1	160486
313.728515625	1.0	NonTarget	1	160629
314.01171875	1.0	Target	2	160774
314.42578125	1.0	NonTarget	1	160986
314.681640625	1.0	NonTarget	1	161117
314.994140625	1.0	NonTarget	1	161277
315.51171875	1.0	NonTarget	1	161542
315.7421875	1.0	NonTarget	1	161660
315.9296875	1.0	NonTarget	1	161756
316.595703125	1.0	NonTarget	1	162097
316.9453125	1.0	Target	2	162276
317.326171875	1.0	NonTarget	1	162471
318.681640625	1.0	NonTarget	1	163165
318.8984375	1.0	NonTarget	1	163276
319.263671875	1.0	NonTarget	1	163463
319.611328125	1.0	NonTarget	1	163641
319.818359375	1.0	Target	2	163747
320.07421875	1.0	NonTarget	1	163878
320.6015625	1.0	NonTarget	1	164148
320.814453125	1.0	NonTarget	1	164257
321.08203125	1.0	NonTarget	1	164394
321.26171875	1.0	NonTarget	1	164486
321.6640625	1.0	Target	2	164692
322.4140625	1.0	NonTarget	1	165076
323.763671875	1.0	NonTarget	1	165767
324.73046875	1.0	NonTarget	1	166262
325.6640625	1.0	NonTarget	1	166740
325.845703125	1.0	Target	2	166833
326.1640625	1.0	NonTarget	1	166996
326.34765625	1.0	NonTarget	1	167090
326.861328125	1.0	NonTarget	1	167353
327.197265625	1.0	NonTarget	1	167525
327.447265625	1.0	Target	2	167653
327.74609375	1.0	NonTarget	1	167806
328.115234375	1.0	NonTarget	1	167995
328.86328125	1.0	NonTarget	1	168378
330.267578125	1.0	NonTarget	1	169097
330.51171875	1.0	Target	2	169222
330.76171875	1.0	NonTarget	1	169350
331.396484375	1.0	NonTarget	1	169675
332.029296875	1.0	NonTarget	1	169999
332.279296875	1.0	NonTarget	1	170127
332.802734375	1.0	NonTarget	1	170395
333.646484375	1.0	NonTarget	1	170827
334.265625	1.0	NonTarget	1	171144
334.46484375	1.0	Target	2	171246
334.947265625	1.0	NonTarget	1	171493
335.24609375	1.0	NonTarget	1	171646
344.666015625	1.0	NonTarget	1	176469
344.86328125	1.0	NonTarget	1	176570
345.646484375	1.0	Target	2	176971
346.0	1.0	NonTarget	1	177152
346.201171875	1.0	NonTarget	1	177255
346.3828125	1.0	NonTarget	1	177348
346.8984375	1.0	NonTarget	1	177612
347.26953125	1.0	NonTarget	1	177802
347.560546875	1.0	NonTarget	1	177951
347.73046875	1.0	NonTarget	1	178038
347.90625	1.0	Target	2	178128
348.232421875	1.0	NonTarget	1	178295
349.556640625	1.0	NonTarget	1	178973
349.79296875	1.0	Target	2	179094
350.26953125	1.0	NonTarget	1	179338
350.494140625	1.0	NonTarget	1	179453
350.912109375	1.0	NonTarget	1	179667
351.13671875	1.0	NonTarget	1	179782
351.662109375	1.0	NonTarget	1	180051
351.880859375	1.0	NonTarget	1	180163
352.228515625	1.0	NonTarget	1	180341
352.68359375	1.0	Target	2	180574
353.294921875	1.0	NonTarget	1	180887
353.75	1.0	NonTarget	1	181120
355.130859375	1.0	Target	2	181827
355.515625	1.0	NonTarget	1	182024
355.71875	1.0	NonTarget	1	182128
356.078125	1.0	NonTarget	1	182312
356.265625	1.0	NonTarget	1	182408
356.716796875	1.0	NonTarget	1	182639
357.228515625	1.0	NonTarget	1	182901
357.494140625	1.0	NonTarget	1	183037
357.763671875	1.0	Target	2	183175
358.01171875	1.0	NonTarget	1	183302
358.544921875	1.0	NonTarget	1	183575
358.78125	1.0	NonTarget	1	183696
360.115234375	1.0	NonTarget	1	184379
360.296875	1.0	Target	2	184472
360.646484375	1.0	NonTarget	1	184651
360.896484375	1.0	NonTarget	1	184779
361.09765625	1.0	NonTarget	1	184882
362.080078125	1.0	NonTarget	1	185385
362.59375	1.0	NonTarget	1	185648
362.849609375	1.0	NonTarget	1	185779
363.61328125	1.0	Target	2	186170
363.9296875	1.0	NonTarget	1	186332
364.294921875	1.0	NonTarget	1	186519
364.49609375	1.0	NonTarget	1	186622
365.8671875	1.0	Target	2	187324
366.76171875	1.0	NonTarget	1	187782
367.3828125	1.0	NonTarget	1	188100
367.712890625	1.0	NonTarget	1	188269
368.044921875	1.0	NonTarget	1	188439
368.27734375	1.0	NonTarget	1	188558
368.796875	1.0	NonTarget	1	188824
369.078125	1.0	NonTarget	1	188968
369.41015625	1.0	NonTarget	1	189138
369.59375	1.0	NonTarget	1	189232
370.03125	1.0	Target	2	189456
370.609375	1.0	NonTarget	1	189752
379.982421875	1.0	NonTarget	1	194551
380.177734375	1.0	NonTarget	1	194651
380.509765625	1.0	Target	2	194821
380.87890625	1.0	NonTarget	1	195010
381.16796875	1.0	NonTarget	1	195158
381.46875	1.0	NonTarget	1	195312
381.994140625	1.0	NonTarget	1	195581
382.259765625	1.0	NonTarget	1	195717
383.373046875	1.0	NonTarget	1	196287
384.212890625	1.0	Target	2	196717
384.49609375	1.0	NonTarget	1	196862
384.68359375	1.0	NonTarget	1	196958
386.0625	1.0	NonTarget	1	197664
386.65234375	1.0	NonTarget	1	197966
386.84765625	1.0	NonTarget	1	198066
387.099609375	1.0	NonTarget	1	198195
387.576171875	1.0	NonTarget	1	198439
387.884765625	1.0	Target	2	198597
388.458984375	1.0	NonTarget	1	198891
388.626953125	1.0	Target	2	198977
389.154296875	1.0	NonTarget	1	199247
389.326171875	1.0	NonTarget	1	199335
389.6484375	1.0	NonTarget	1	199500
389.9609375	1.0	NonTarget	1	199660
391.330078125	1.0	NonTarget	1	200361
392.080078125	1.0	NonTarget	1	200745
392.576171875	1.0	Target	2	200999
393.029296875	1.0	NonTarget	1	201231
393.43359375	1.0	NonTarget	1	201438
394.017578125	1.0	NonTarget	1	201737
394.54296875	1.0	NonTarget	1	202006
394.896484375	1.0	NonTarget	1	202187
395.16015625	1.0	NonTarget	1	202322
395.431640625	1.0	Target	2	202461
395.876953125	1.0	NonTarget	1	202689
396.314453125	1.0	NonTarget	1	202913
466.923828125	1.0	NonTarget	1	239065
467.1640625	1.0	NonTarget	1	239188
467.49609375	1.0	NonTarget	1	239358
467.73046875	1.0	Target	2	239478
468.3125	1.0	NonTarget	1	239776
468.779296875	1.0	NonTarget	1	240015
469.310546875	1.0	NonTarget	1	240287
469.578125	1.0	Target	2	240424
470.115234375	1.0	NonTarget	1	240699
470.41796875	1.0	NonTarget	1	240854
471.115234375	1.0	NonTarget	1	241211
471.447265625	1.0	NonTarget	1	241381
472.83203125	1.0	NonTarget	1	242090
473.1015625	1.0	NonTarget	1	242228
473.314453125	1.0	NonTarget	1	242337
473.853515625	1.0	NonTarget	1	242613
474.244140625	1.0	Target	2	242813
474.548828125	1.0	NonTarget	1	242969
475.080078125	1.0	NonTarget	1	243241
475.26171875	1.0	Target	2	243334
475.65625	1.0	NonTarget	1	243536
476.046875	1.0	NonTarget	1	243736
476.265625	1.0	NonTarget	1	243848
476.4296875	1.0	NonTarget	1	243932
477.8046875	1.0	Target	2	244636
478.388671875	1.0	NonTarget	1	244935
478.822265625	1.0	NonTarget	1	245157
479.01171875	1.0	NonTarget	1	245254
479.48046875	1.0	NonTarget	1	245494
479.720703125	1.0	NonTarget	1	245617
480.248046875	1.0	Target	2	245887
480.763671875	1.0	NonTarget	1	246151
480.974609375	1.0	NonTarget	1	246259
481.21484375	1.0	NonTarget	1	246382
481.99609375	1.0	NonTarget	1	246782
482.248046875	1.0	NonTarget	1	246911
483.65234375	1.0	NonTarget	1	247630
483.87890625	1.0	NonTarget	1	247746
484.201171875	1.0	NonTarget	1	247911
484.435546875	1.0	Target	2	248031
485.49609375	1.0	NonTarget	1	248574
485.9296875	1.0	NonTarget	1	248796
486.466796875	1.0	Target	2	249071
487.314453125	1.0	NonTarget	1	249505
487.869140625	1.0	NonTarget	1	249789
488.107421875	1.0	NonTarget	1	249911
488.37890625	1.0	NonTarget	1	250050
489.1015625	1.0	NonTarget	1	250420
498.49609375	1.0	Target	2	255230
498.716796875	1.0	NonTarget	1	255343
499.173828125	1.0	NonTarget	1	255577
499.62890625	1.0	NonTarget	1	255810
499.845703125	1.0	NonTarget	1	255921
500.23046875	1.0	NonTarget	1	256118
500.748046875	1.0	NonTarget	1	256383
501.7265625	1.0	NonTarget	1	256884
501.8984375	1.0	NonTarget	1	256972
502.115234375	1.0	NonTarget	1	257083
502.5625	1.0	NonTarget	1	257312
503.177734375	1.0	Target	2	257627
504.580078125	1.0	NonTarget	1	258345
505.0234375	1.0	NonTarget	1	258572
505.578125	1.0	Target	2	258856
505.810546875	1.0	NonTarget	1	258975
506.3984375	1.0	NonTarget	1	259276
506.58203125	1.0	NonTarget	1	259370
507.1015625	1.0	NonTarget	1	259636
507.34375	1.0	Target	2	259760
507.73046875	1.0	NonTarget	1	259958
508.099609375	1.0	NonTarget	1	260147
508.330078125	1.0	NonTarget	1	260265
508.615234375	1.0	NonTarget	1	260411
518.046875	1.0	NonTarget	1	265240
518.248046875	1.0	NonTarget	1	265343
518.49609375	1.0	NonTarget	1	265470
518.6953125	1.0	NonTarget	1	265572
519.09375	1.0	NonTarget	1	265776
519.78515625	1.0	Target	2	266130
520.361328125	1.0	NonTarget	1	266425
520.53125	1.0	NonTarget	1	266512
521.052734375	1.0	NonTarget	1	266779
521.630859375	1.0	NonTarget	1	267075
522.1171875	1.0	NonTarget	1	267324
522.37890625	1.0	Target	2	267458
523.765625	1.0	Target	2	268168
524.052734375	1.0	NonTarget	1	268315
524.296875	1.0	NonTarget	1	268440
524.828125	1.0	NonTarget	1	268712
525.078125	1.0	NonTarget	1	268840
525.515625	1.0	NonTarget	1	269064
526.044921875	1.0	Target	2	269335
526.35546875	1.0	NonTarget	1	269494
526.61328125	1.0	NonTarget	1	269626
527.01171875	1.0	NonTarget	1	269830
527.212890625	1.0	NonTarget	1	269933
527.427734375	1.0	NonTarget	1	270043
528.8203125	1.0	NonTarget	1	270756
529.12109375	1.0	NonTarget	1	270910
529.298828125	1.0	Target	2	271001
529.578125	1.0	NonTarget	1	271144
529.81640625	1.0	NonTarget	1	271266
529.994140625	1.0	NonTarget	1	271357
530.51171875	1.0	NonTarget	1	271622
530.9609375	1.0	Target	2	271852
531.494140625	1.0	NonTarget	1	272125
531.798828125	1.0	NonTarget	1	272281
532.12109375	1.0	NonTarget	1	272446
532.478515625	1.0	NonTarget	1	272629
541.861328125	1.0	NonTarget	1	277433
542.078125	1.0	NonTarget	1	277544
542.48046875	1.0	NonTarget	1	277750
542.927734375	1.0	NonTarget	1	277979
543.392578125	1.0	NonTarget	1	278217
543.74609375	1.0	Target	2	278398
544.328125	1.0	Target	2	278696
544.564453125	1.0	NonTarget	1	278817
544.83203125	1.0	NonTarget	1	278954
545.18359375	1.0	NonTarget	1	279134
545.580078125	1.0	NonTarget	1	279337
545.77734375	1.0	NonTarget	1	279438
547.12890625	1.0	NonTarget	1	280130
547.7265625	1.0	NonTarget	1	280436
547.953125	1.0	Target	2	280552
548.23046875	1.0	NonTarget	1	280694
548.416015625	1.0	NonTarget	1	280789
548.646484375	1.0	NonTarget	1	280907
549.162109375	1.0	Target	2	281171
549.546875	1.0	NonTarget	1	281368
550.060546875	1.0	NonTarget	1	281631
550.498046875	1.0	NonTarget	1	281855
550.97265625	1.0	NonTarget	1	282098
551.294921875	1.0	NonTarget	1	282263
552.62109375	1.0	NonTarget	1	282942
552.93359375	1.0	Target	2	283102
553.16796875	1.0	NonTarget	1	283222
553.564453125	1.0	NonTarget	1	283425
553.779296875	1.0	NonTarget	1	283535
554.603515625	1.0	NonTarget	1	283957
555.11328125	1.0	Target	2	284218
555.453125	1.0	NonTarget	1	284392
555.697265625	1.0	NonTarget	1	284517
556.029296875	1.0	NonTarget	1	284687
556.216796875	1.0	NonTarget	1	284783
556.4296875	1.0	NonTarget	1	284892
557.798828125	1.0	NonTarget	1	285593
558.060546875	1.0	NonTarget	1	285727
558.548828125	1.0	NonTarget	1	285977
558.779296875	1.0	NonTarget	1	286095
559.083984375	1.0	Target	2	286251
559.48046875	1.0	NonTarget	1	286454
559.982421875	1.0	NonTarget	1	286711
560.294921875	1.0	NonTarget	1	286871
560.564453125	1.0	NonTarget	1	287009
561.462890625	1.0	Target	2	287469
562.095703125	1.0	NonTarget	1	287793
562.560546875	1.0	NonTarget	1	288031
571.99609375	1.0	NonTarget	1	292862
572.396484375	1.0	Target	2	293067
572.64453125	1.0	NonTarget	1	293194
572.822265625	1.0	NonTarget	1	293285
573.31640625	1.0	NonTarget	1	293538
573.830078125	1.0	NonTarget	1	293801
574.36328125	1.0	NonTarget	1	294074
574.814453125	1.0	NonTarget	1	294305
575.279296875	1.0	NonTarget	1	294543
575.53515625	1.0	Target	2	294674
576.396484375	1.0	NonTarget	1	295115
576.84765625	1.0	NonTarget	1	295346
578.185546875	1.0	NonTarget	1	296031
578.3515625	1.0	NonTarget	1	296116
578.720703125	1.0	NonTarget	1	296305
579.244140625	1.0	NonTarget	1	296573
579.91015625	1.0	Target	2	296914
580.244140625	1.0	NonTarget	1	297085
580.76171875	1.0	Target	2	297350
581.12890625	1.0	NonTarget	1	297538
581.380859375	1.0	NonTarget	1	297667
581.75	1.0	NonTarget	1	297856
582.0625	1.0	NonTarget	1	298016
582.33203125	1.0	NonTarget	1	298154
583.69921875	1.0	NonTarget	1	298854
583.919921875	1.0	NonTarget	1	298967
584.796875	1.0	NonTarget	1	299416
585.380859375	1.0	NonTarget	1	299715
585.703125	1.0	Target	2	299880
585.93359375	1.0	NonTarget	1	299998
586.462890625	1.0	NonTarget	1	300269
587.015625	1.0	NonTarget	1	300552
587.203125	1.0	Target	2	300648
587.94921875	1.0	NonTarget	1	301030
588.86328125	1.0	NonTarget	1	301498
589.08203125	1.0	NonTarget	1	301610
598.455078125	1.0	NonTarget	1	306409
598.802734375	1.0	NonTarget	1	306587
598.990234375	1.0	NonTarget	1	306683
599.1875	1.0	NonTarget	1	306784
599.529296875	1.0	NonTarget	1	306959
599.84765625	1.0	Target	2	307122
600.412109375	1.0	Target	2	307411
600.8828125	1.0	NonTarget	1	307652
601.048828125	1.0	NonTarget	1	307737
602.162109375	1.0	NonTarget	1	308307
602.580078125	1.0	NonTarget	1	308521
602.859375	1.0	NonTarget	1	308664
604.1796875	1.0	NonTarget	1	309340
604.62890625	1.0	Target	2	309570
605.59375	1.0	NonTarget	1	310064
606.228515625	1.0	NonTarget	1	310389
606.4453125	1.0	NonTarget	1	310500
606.728515625	1.0	NonTarget	1	310645
607.244140625	1.0	NonTarget	1	310909
607.46875	1.0	NonTarget	1	311024
607.650390625	1.0	NonTarget	1	311117
607.943359375	1.0	Target	2	311267
608.244140625	1.0	NonTarget	1	311421
608.62890625	1.0	NonTarget	1	311618
609.99609375	1.0	Target	2	312318
610.365234375	1.0	NonTarget	1	312507
610.794921875	1.0	NonTarget	1	312727
611.046875	1.0	NonTarget	1	312856
611.296875	1.0	NonTarget	1	312984
611.494140625	1.0	NonTarget	1	313085
612.013671875	1.0	Target	2	313351
613.18359375	1.0	NonTarget	1	313950
613.41015625	1.0	NonTarget	1	314066
613.619140625	1.0	NonTarget	1	314173
613.900390625	1.0	NonTarget	1	314317
614.208984375	1.0	NonTarget	1	314475
623.599609375	1.0	NonTarget	1	319283
623.87890625	1.0	NonTarget	1	319426
624.7109375	1.0	NonTarget	1	319852
624.9765625	1.0	NonTarget	1	319988
625.265625	1.0	NonTarget	1	320136
625.431640625	1.0	Target	2	320221
626.017578125	1.0	Target	2	320521
626.4453125	1.0	NonTarget	1	320740
626.994140625	1.0	NonTarget	1	321021
627.162109375	1.0	NonTarget	1	321107
627.59375	1.0	NonTarget	1	321328
627.8984375	1.0	NonTarget	1	321484
629.248046875	1.0	NonTarget	1	322175
629.64453125	1.0	NonTarget	1	322378
629.85546875	1.0	NonTarget	1	322486
630.1640625	1.0	NonTarget	1	322644
630.43359375	1.0	NonTarget	1	322782
630.662109375	1.0	Target	2	322899
631.23046875	1.0	NonTarget	1	323190
631.40625	1.0	NonTarget	1	323280
631.779296875	1.0	NonTarget	1	323471
632.33203125	1.0	NonTarget	1	323754
632.630859375	1.0	Target	2	323907
633.017578125	1.0	NonTarget	1	324105
634.380859375	1.0	NonTarget	1	324803
634.68359375	1.0	NonTarget	1	324958
634.99609375	1.0	Target	2	325118
635.318359375	1.0	NonTarget	1	325283
635.546875	1.0	NonTarget	1	325400
635.798828125	1.0	NonTarget	1	325529
636.3125	1.0	NonTarget	1	325792
637.4140625	1.0	NonTarget	1	326356
637.9296875	1.0	NonTarget	1	326620
638.12890625	1.0	NonTarget	1	326722
638.73046875	1.0	Target	2	327030
639.24609375	1.0	NonTarget	1	327294
640.646484375	1.0	NonTarget	1	328011
641.1796875	1.0	Target	2	328284
641.427734375	1.0	NonTarget	1	328411
641.74609375	1.0	NonTarget	1	328574
641.966796875	1.0	NonTarget	1	328687
642.146484375	1.0	NonTarget	1	328779
642.66796875	1.0	NonTarget	1	329046
642.880859375	1.0	NonTarget	1	329155
643.09765625	1.0	NonTarget	1	329266
643.447265625	1.0	NonTarget	1	329445
643.681640625	1.0	NonTarget	1	329565
643.947265625	1.0	Target	2	329701
653.380859375	1.0	NonTarget	1	334531
653.537109375	1.0	Target	2	334611
654.52734375	1.0	NonTarget	1	335118
654.9296875	1.0	NonTarget	1	335324
655.763671875	1.0	NonTarget	1	335751
656.033203125	1.0	NonTarget	1	335889
656.57421875	1.0	NonTarget	1	336166
657.349609375	1.0	NonTarget	1	336563
657.65234375	1.0	NonTarget	1	336718
658.24609375	1.0	NonTarget	1	337022
658.544921875	1.0	Target	2	337175
658.830078125	1.0	NonTarget	1	337321
660.220703125	1.0	Target	2	338033
660.646484375	1.0	NonTarget	1	338251
660.970703125	1.0	NonTarget	1	338417
661.677734375	1.0	NonTarget	1	338779
662.017578125	1.0	NonTarget	1	338953
662.4453125	1.0	NonTarget	1	339172
662.96875	1.0	NonTarget	1	339440
663.66796875	1.0	NonTarget	1	339798
664.279296875	1.0	NonTarget	1	340111
664.49609375	1.0	NonTarget	1	340222
664.78125	1.0	Target	2	340368
665.21875	1.0	NonTarget	1	340592
666.58203125	1.0	NonTarget	1	341290
667.205078125	1.0	NonTarget	1	341609
667.478515625	1.0	NonTarget	1	341749
667.763671875	1.0	Target	2	341895
668.0625	1.0	NonTarget	1	342048
668.671875	1.0	NonTarget	1	342360
669.181640625	1.0	NonTarget	1	342621
669.822265625	1.0	NonTarget	1	342949
670.029296875	1.0	NonTarget	1	343055
670.494140625	1.0	NonTarget	1	343293
670.697265625	1.0	NonTarget	1	343397
671.009765625	1.0	Target	2	343557
672.396484375	1.0	NonTarget	1	344267
672.654296875	1.0	NonTarget	1	344399
672.87890625	1.0	Target	2	344514
673.283203125	1.0	NonTarget	1	344721
673.76171875	1.0	NonTarget	1	344966
674.013671875	1.0	NonTarget	1	345095
674.53125	1.0	NonTarget	1	345360
674.763671875	1.0	NonTarget	1	345479
675.349609375	1.0	Target	2	345779
675.64453125	1.0	NonTarget	1	345930
675.876953125	1.0	NonTarget	1	346049
676.18359375	1.0	NonTarget	1	346206
685.59765625	1.0	NonTarget	1	351026
685.84765625	1.0	NonTarget	1	351154
686.265625	1.0	NonTarget	1	351368
687.046875	1.0	NonTarget	1	351768
687.34765625	1.0	NonTarget	1	351922
687.580078125	1.0	Target	2	352041
688.162109375	1.0	NonTarget	1	352339
688.396484375	1.0	NonTarget	1	352459
688.7734375	1.0	NonTarget	1	352652
689.19921875	1.0	NonTarget	1	352870
689.44921875	1.0	Target	2	352998
689.716796875	1.0	NonTarget	1	353135
691.05078125	1.0	NonTarget	1	353818
691.24609375	1.0	NonTarget	1	353918
691.51171875	1.0	Target	2	354054
691.80078125	1.0	NonTarget	1	354202
692.078125	1.0	NonTarget	1	354344
693.197265625	1.0	NonTarget	1	354917
693.71484375	1.0	NonTarget	1	355182
694.55078125	1.0	Target	2	355610
694.935546875	1.0	NonTarget	1	355807
695.41796875	1.0	NonTarget	1	356054
695.728515625	1.0	NonTarget	1	356213
695.92578125	1.0	NonTarget	1	356314
727.71484375	1.0	NonTarget	1	372590
727.9140625	1.0	NonTarget	1	372692
728.130859375	1.0	NonTarget	1	372803
728.345703125	1.0	NonTarget	1	372913
728.513671875	1.0	Target	2	372999
728.86328125	1.0	NonTarget	1	373178
729.37890625	1.0	NonTarget	1	373442
729.546875	1.0	Target	2	373528
730.01171875	1.0	NonTarget	1	373766
730.345703125	1.0	NonTarget	1	373937
730.568359375	1.0	NonTarget	1	374051
730.87890625	1.0	NonTarget	1	374210
732.27734375	1.0	NonTarget	1	374926
732.654296875	1.0	NonTarget	1	375119
733.080078125	1.0	NonTarget	1	375337
733.447265625	1.0	Target	2	375525
734.349609375	1.0	NonTarget	1	375987
734.849609375	1.0	NonTarget	1	376243
735.37890625	1.0	NonTarget	1	376514
735.6484375	1.0	NonTarget	1	376652
735.998046875	1.0	Target	2	376831
737.130859375	1.0	NonTarget	1	377411
737.33203125	1.0	NonTarget	1	377514
737.5625	1.0	NonTarget	1	377632
738.931640625	1.0	NonTarget	1	378333
739.697265625	1.0	NonTarget	1	378725
740.080078125	1.0	NonTarget	1	378921
741.11328125	1.0	NonTarget	1	379450
741.517578125	1.0	NonTarget	1	379657
742.078125	1.0	Target	2	379944
742.646484375	1.0	NonTarget	1	380235
743.646484375	1.0	Target	2	380747
743.927734375	1.0	NonTarget	1	380891
744.64453125	1.0	NonTarget	1	381258
744.8125	1.0	NonTarget	1	381344
745.060546875	1.0	NonTarget	1	381471
754.474609375	1.0	NonTarget	1	386291
754.646484375	1.0	NonTarget	1	386379
755.228515625	1.0	NonTarget	1	386677
755.453125	1.0	NonTarget	1	386792
755.662109375	1.0	Target	2	386899
756.4609375	1.0	NonTarget	1	387308
756.994140625	1.0	NonTarget	1	387581
757.162109375	1.0	NonTarget	1	387667
757.345703125	1.0	Target	2	387761
757.59375	1.0	NonTarget	1	387888
757.845703125	1.0	NonTarget	1	388017
758.62890625	1.0	NonTarget	1	388418
760.013671875	1.0	NonTarget	1	389127
760.447265625	1.0	NonTarget	1	389349
760.994140625	1.0	NonTarget	1	389629
761.3125	1.0	NonTarget	1	389792
761.51953125	1.0	Target	2	389898
761.99609375	1.0	NonTarget	1	390142
762.51171875	1.0	NonTarget	1	390406
762.7109375	1.0	Target	2	390508
763.015625	1.0	NonTarget	1	390664
763.267578125	1.0	NonTarget	1	390793
763.677734375	1.0	NonTarget	1	391003
763.99609375	1.0	NonTarget	1	391166
765.404296875	1.0	NonTarget	1	391887
766.078125	1.0	NonTarget	1	392232
766.30859375	1.0	Target	2	392350
766.544921875	1.0	NonTarget	1	392471
766.763671875	1.0	NonTarget	1	392583
766.99609375	1.0	NonTarget	1	392702
767.51171875	1.0	Target	2	392966
768.14453125	1.0	NonTarget	1	393290
768.40234375	1.0	NonTarget	1	393422
768.759765625	1.0	NonTarget	1	393605
769.03125	1.0	NonTarget	1	393744
769.513671875	1.0	NonTarget	1	393991
778.9296875	1.0	NonTarget	1	398812
779.228515625	1.0	NonTarget	1	398965
779.759765625	1.0	Target	2	399237
780.228515625	1.0	NonTarget	1	399477
780.42578125	1.0	NonTarget	1	399578
780.77734375	1.0	NonTarget	1	399758
781.30078125	1.0	NonTarget	1	400026
781.4765625	1.0	NonTarget	1	400116
781.978515625	1.0	Target	2	400373
782.609375	1.0	NonTarget	1	400696
782.86328125	1.0	NonTarget	1	400826
783.216796875	1.0	NonTarget	1	401007
784.568359375	1.0	NonTarget	1	401699
785.248046875	1.0	NonTarget	1	402047
785.748046875	1.0	NonTarget	1	402303
785.998046875	1.0	NonTarget	1	402431
786.181640625	1.0	NonTarget	1	402525
786.3984375	1.0	Target	2	402636
786.95703125	1.0	NonTarget	1	402922
787.1484375	1.0	NonTarget	1	403020
787.62109375	1.0	NonTarget	1	403262
787.83203125	1.0	NonTarget	1	403370
788.017578125	1.0	Target	2	403465
788.26171875	1.0	NonTarget	1	403590
797.662109375	1.0	NonTarget	1	408403
798.029296875	1.0	NonTarget	1	408591
798.1953125	1.0	Target	2	408676
798.44921875	1.0	NonTarget	1	408806
798.8203125	1.0	NonTarget	1	408996
799.345703125	1.0	NonTarget	1	409265
799.849609375	1.0	NonTarget	1	409523
800.02734375	1.0	Target	2	409614
800.669921875	1.0	NonTarget	1	409943
801.162109375	1.0	NonTarget	1	410195
801.548828125	1.0	NonTarget	1	410393
801.84765625	1.0	NonTarget	1	410546
803.205078125	1.0	NonTarget	1	411241
803.62890625	1.0	NonTarget	1	411458
803.8515625	1.0	NonTarget	1	411572
804.078125	1.0	NonTarget	1	411688
804.296875	1.0	NonTarget	1	411800
804.716796875	1.0	Target	2	412015
805.283203125	1.0	NonTarget	1	412305
805.767578125	1.0	NonTarget	1	412553
806.029296875	1.0	NonTarget	1	412687
806.763671875	1.0	Target	2	413063
807.015625	1.0	NonTarget	1	413192
807.205078125	1.0	NonTarget	1	413289
808.564453125	1.0	NonTarget	1	413985
808.83203125	1.0	NonTarget	1	414122
809.345703125	1.0	NonTarget	1	414385
809.861328125	1.0	Target	2	414649
810.099609375	1.0	NonTarget	1	414771
810.451171875	1.0	NonTarget	1	414951
810.962890625	1.0	NonTarget	1	415213
811.27734375	1.0	Target	2	415374
811.763671875	1.0	NonTarget	1	415623
812.078125	1.0	NonTarget	1	415784
812.458984375	1.0	NonTarget	1	415979
812.91015625	1.0	NonTarget	1	416210
822.294921875	1.0	NonTarget	1	421015
822.96484375	1.0	Target	2	421358
823.5625	1.0	NonTarget	1	421664
823.765625	1.0	NonTarget	1	421768
824.447265625	1.0	NonTarget	1	422117
825.310546875	1.0	NonTarget	1	422559
825.828125	1.0	NonTarget	1	422824
826.302734375	1.0	NonTarget	1	423067
826.697265625	1.0	NonTarget	1	423269
827.478515625	1.0	NonTarget	1	423669
827.66796875	1.0	NonTarget	1	423766
827.943359375	1.0	Target	2	423907
829.302734375	1.0	NonTarget	1	424603
829.515625	1.0	Target	2	424712
829.830078125	1.0	NonTarget	1	424873
830.01953125	1.0	NonTarget	1	424970
830.59375	1.0	NonTarget	1	425264
831.03515625	1.0	NonTarget	1	425490
831.560546875	1.0	NonTarget	1	425759
831.748046875	1.0	NonTarget	1	425855
832.447265625	1.0	NonTarget	1	426213
832.73046875	1.0	Target	2	426358
833.4453125	1.0	NonTarget	1	426724
834.01171875	1.0	NonTarget	1	427014
843.404296875	1.0	NonTarget	1	431823
843.77734375	1.0	NonTarget	1	432014
844.02734375	1.0	NonTarget	1	432142
844.24609375	1.0	NonTarget	1	432254
844.609375	1.0	Target	2	432440
844.859375	1.0	NonTarget	1	432568
845.361328125	1.0	NonTarget	1	432825
845.677734375	1.0	NonTarget	1	432987
845.9609375	1.0	NonTarget	1	433132
846.16015625	1.0	Target	2	433234
846.44921875	1.0	NonTarget	1	433382
846.748046875	1.0	NonTarget	1	433535
848.12890625	1.0	NonTarget	1	434242
848.529296875	1.0	NonTarget	1	434447
848.896484375	1.0	NonTarget	1	434635
849.080078125	1.0	Target	2	434729
849.744140625	1.0	NonTarget	1	435069
850.248046875	1.0	NonTarget	1	435327
850.767578125	1.0	NonTarget	1	435593
851.49609375	1.0	NonTarget	1	435966
851.69921875	1.0	NonTarget	1	436070
852.810546875	1.0	NonTarget	1	436639
853.12890625	1.0	NonTarget	1	436802
853.74609375	1.0	Target	2	437118
863.1640625	1.0	NonTarget	1	441940
863.359375	1.0	Target	2	442040
864.029296875	1.0	NonTarget	1	442383
864.28125	1.0	NonTarget	1	442512
864.595703125	1.0	NonTarget	1	442673
864.794921875	1.0	NonTarget	1	442775
865.310546875	1.0	NonTarget	1	443039
865.51171875	1.0	Target	2	443142
865.9140625	1.0	NonTarget	1	443348
866.146484375	1.0	NonTarget	1	443467
866.904296875	1.0	NonTarget	1	443855
867.298828125	1.0	NonTarget	1	444057
868.685546875	1.0	NonTarget	1	444767
868.98046875	1.0	NonTarget	1	444918
869.1640625	1.0	NonTarget	1	445012
869.3984375	1.0	NonTarget	1	445132
869.75	1.0	Target	2	445312
870.013671875	1.0	NonTarget	1	445447
870.53125	1.0	NonTarget	1	445712
871.1796875	1.0	Target	2	446044
871.40234375	1.0	NonTarget	1	446158
871.646484375	1.0	NonTarget	1	446283
871.865234375	1.0	NonTarget	1	446395
872.478515625	1.0	NonTarget	1	446709
873.96484375	1.0	NonTarget	1	447470
874.5703125	1.0	NonTarget	1	447780
874.869140625	1.0	Target	2	447933
875.33203125	1.0	NonTarget	1	448170
875.71484375	1.0	NonTarget	1	448366
875.947265625	1.0	NonTarget	1	448485
876.48046875	1.0	NonTarget	1	448758
877.111328125	1.0	Target	2	449081
877.62890625	1.0	NonTarget	1	449346
877.787109375	1.0	NonTarget	1	449427
877.99609375	1.0	NonTarget	1	449534
878.400390625	1.0	NonTarget	1	449741
879.76171875	1.0	NonTarget	1	450438
879.98046875	1.0	Target	2	450550
880.580078125	1.0	NonTarget	1	450857
881.060546875	1.0	NonTarget	1	451103
881.99609375	1.0	NonTarget	1	451582
882.28125	1.0	NonTarget	1	451728
882.798828125	1.0	NonTarget	1	451993
883.1640625	1.0	NonTarget	1	452180
883.49609375	1.0	NonTarget	1	452350
883.802734375	1.0	Target	2	452507
884.169921875	1.0	NonTarget	1	452695
885.28125	1.0	NonTarget	1	453264
894.6484375	1.0	NonTarget	1	458060
895.10546875	1.0	NonTarget	1	458294
895.31640625	1.0	NonTarget	1	458402
895.5625	1.0	NonTarget	1	458528
895.951171875	1.0	NonTarget	1	458727
896.359375	1.0	Target	2	458936
896.916015625	1.0	NonTarget	1	459221
897.248046875	1.0	NonTarget	1	459391
897.44921875	1.0	NonTarget	1	459494
897.6484375	1.0	Target	2	459596
898.09765625	1.0	NonTarget	1	459826
898.361328125	1.0	NonTarget	1	459961
899.78125	1.0	NonTarget	1	460688
899.98046875	1.0	NonTarget	1	460790
900.3515625	1.0	NonTarget	1	460980
900.6015625	1.0	Target	2	461108
900.98046875	1.0	NonTarget	1	461302
901.4140625	1.0	NonTarget	1	461524
901.9296875	1.0	NonTarget	1	461788
902.1484375	1.0	NonTarget	1	461900
903.248046875	1.0	Target	2	462463
903.46875	1.0	NonTarget	1	462576
903.796875	1.0	NonTarget	1	462744
904.3125	1.0	NonTarget	1	463008
905.716796875	1.0	NonTarget	1	463727
906.21484375	1.0	Target	2	463982
906.859375	1.0	NonTarget	1	464312
907.052734375	1.0	NonTarget	1	464411
907.419921875	1.0	NonTarget	1	464599
907.59375	1.0	NonTarget	1	464688
908.1171875	1.0	NonTarget	1	464956
908.677734375	1.0	Target	2	465243
908.90234375	1.0	NonTarget	1	465358
909.197265625	1.0	NonTarget	1	465509
909.431640625	1.0	NonTarget	1	465629
909.6953125	1.0	NonTarget	1	465764
919.1171875	1.0	NonTarget	1	470588
919.40234375	1.0	NonTarget	1	470734
919.578125	1.0	NonTarget	1	470824
919.81640625	1.0	NonTarget	1	470946
920.1640625	1.0	Target	2	471124
920.509765625	1.0	NonTarget	1	471301
921.02734375	1.0	NonTarget	1	471566
921.39453125	1.0	NonTarget	1	471754
921.859375	1.0	NonTarget	1	471992
922.65234375	1.0	NonTarget	1	472398
923.078125	1.0	NonTarget	1	472616
923.25	1.0	Target	2	472704
